"source_id","source_name","url","domain","url_kind","country_region","source_type","primary_secondary","credibility_tier","language","access_method","likely_content","useful_for_NER","useful_for_corpus","entities_obtainable","api_download_availability","notes","origin","verification_status"
"SRC-001","Wikidata","https://query.wikidata.org","wikidata.org","api","Global","knowledge_base","primary","B","multi","API","SPARQL endpoint for items with multilingual labels and aliases","yes","no","WEAPON;PLATFORM_*;MIL_UNIT;MIL_FACILITY;OPERATION;EXERCISE;NSAG;PERSON","SPARQL API (claimed in 01_RESOURCES)","CC0 per 01_RESOURCES; QIDs need verification before use (02 sec 6)","RETAINED_01_RESOURCES","UNVERIFIED"
"SRC-002","Wikidata database dumps","https://www.wikidata.org/wiki/Wikidata:Database_download","wikidata.org","dataset","Global","knowledge_base","primary","B","multi","BULK","Full JSON dumps for offline gazetteer building","yes","no","All gazetteer types","Bulk dump (claimed)","Large files - defer download","NEW","UNVERIFIED"
"SRC-003","Wikipedia","https://en.wikipedia.org","wikipedia.org","homepage","Global","encyclopedia","secondary","C","en","HTML;API","Articles on military units equipment operations and people with categories","yes","yes","All types - aliases and descriptions","MediaWiki API (claimed)","Tier set C (crowd-edited) - 01_RESOURCES listed B/C; cite and cross-check","RETAINED_01_RESOURCES","UNVERIFIED"
"SRC-004","Wikipedia dumps","https://dumps.wikimedia.org","wikimedia.org","dataset","Global","encyclopedia","secondary","C","multi","BULK","Full text dumps with categories as weak labels","yes","yes","All types","Bulk dump (claimed)","CC BY-SA per 01_RESOURCES","RETAINED_01_RESOURCES","UNVERIFIED"
"SRC-005","Wikipedia (Hindi)","https://hi.wikipedia.org","wikipedia.org","section","India","encyclopedia","secondary","C","hi","HTML;API","Hindi names and aliases for Indian military entities","yes","yes","Aliases for Indian MIL_ORG;WEAPON;PLATFORM_*","MediaWiki API (claimed)","For multilingual alias extension","NEW","UNVERIFIED"
"SRC-006","Wikipedia (Urdu)","https://ur.wikipedia.org","wikipedia.org","section","Pakistan","encyclopedia","secondary","C","ur","HTML;API","Urdu names for Pakistani entities","yes","yes","Aliases for Pakistani entities","MediaWiki API (claimed)","","NEW","UNVERIFIED"
"SRC-007","Wikipedia (Bengali)","https://bn.wikipedia.org","wikipedia.org","section","Bangladesh;India","encyclopedia","secondary","C","bn","HTML;API","Bengali names for entities","yes","yes","Aliases for Bangladeshi entities","MediaWiki API (claimed)","","NEW","UNVERIFIED"
"SRC-008","Wikipedia (Chinese)","https://zh.wikipedia.org","wikipedia.org","section","China","encyclopedia","secondary","C","zh","HTML;API","Chinese designations for PLA entities","yes","yes","PLA units and equipment designations","MediaWiki API (claimed)","","NEW","UNVERIFIED"
"SRC-009","Wikipedia (Russian)","https://ru.wikipedia.org","wikipedia.org","section","Russia","encyclopedia","secondary","C","ru","HTML;API","Russian designations for Russian entities","yes","yes","Russian equipment designations","MediaWiki API (claimed)","","NEW","UNVERIFIED"
"SRC-010","DBpedia","https://www.dbpedia.org","dbpedia.org","dataset","Global","knowledge_base","secondary","C","en","BULK;API","Structured data extracted from Wikipedia infoboxes","yes","no","Equipment specs and operators","SPARQL and dumps (claimed)","","NEW","UNVERIFIED"
"SRC-011","GeoNames","https://www.geonames.org","geonames.org","dataset","Global","gazetteer","primary","B","multi","BULK;API","Place names with alternate names","yes","no","GPE;LOC;some MIL_FACILITY","Download and API (claimed)","CC BY per vendor - verify","NEW","UNVERIFIED"
"SRC-012","OpenStreetMap military tags","https://wiki.openstreetmap.org/wiki/Key:military","openstreetmap.org","section","Global","geospatial","primary","C","multi","API;BULK","Mapped military airfields bases barracks ranges","yes","no","MIL_FACILITY","Overpass API and extracts (claimed)","ODbL - mapping accuracy varies and sensitive-site policy - verify","NEW","UNVERIFIED"
"SRC-013","GLEIF LEI Golden Copy","https://www.gleif.org","gleif.org","dataset","Global","company_registry","primary","A","multi","BULK;API","Legal entity identifiers for companies","yes","no","DEF_INDUSTRY legal names and parents","Free download and API (claimed)","CC0 per vendor - verify","NEW","UNVERIFIED"
"SRC-014","SAM.gov Entity Information","https://sam.gov","sam.gov","dataset","US","company_registry","primary","A","en","API;REG","US federal contractor registry","yes","no","DEF_INDUSTRY (US)","API with registration (claimed)","Requires registration and terms review","NEW","UNVERIFIED"
"SRC-015","US DoD contract announcements","https://www.defense.gov/News/Contracts/","defense.gov","section","US","government_announcement","primary","A","en","HTML;RSS","Daily contract awards naming programmes and firms","yes","yes","DEF_INDUSTRY;PROGRAMME;WEAPON","HTML (claimed)","Public domain per US Govt - verify","NEW","UNVERIFIED"
"SRC-016","OpenSanctions","https://www.opensanctions.org","opensanctions.org","dataset","Global","sanctions_aggregator","secondary","B","multi","BULK;API","Aggregated sanctions and watchlists including persons and organisations","yes","no","NSAG;PERSON;DEF_INDUSTRY","Bulk data and API (claimed)","Non-commercial licence for data per vendor - verify before use","NEW","UNVERIFIED"
"SRC-017","OFAC Sanctions List Service","https://ofac.treasury.gov","treasury.gov","dataset","US","sanctions_list","primary","A","en","BULK;API","US sanctions designations","yes","no","NSAG;PERSON;DEF_INDUSTRY","Downloadable lists (claimed)","","NEW","UNVERIFIED"
"SRC-018","UN 1267 Sanctions List","https://main.un.org/securitycouncil/en/sanctions/1267","un.org","dataset","Global","sanctions_list","primary","A","en","BULK;HTML","UN Al-Qaida and ISIL sanctions list","yes","no","NSAG;PERSON","XML and HTML list (claimed)","UN terms - verify URL path","NEW","UNVERIFIED"
"SRC-019","UN Security Council Consolidated List","https://main.un.org/securitycouncil/en/content/un-sc-consolidated-list","un.org","dataset","Global","sanctions_list","primary","A","en","BULK","UN consolidated sanctions list","yes","no","NSAG;PERSON","XML and CSV (claimed)","UN terms - verify URL path","NEW","UNVERIFIED"
"SRC-020","US State Department FTO list","https://www.state.gov/foreign-terrorist-organizations/","state.gov","section","US","designation_list","primary","A","en","HTML","US designated Foreign Terrorist Organizations","yes","no","NSAG","HTML page (claimed)","US designation reflects US policy only","NEW","UNVERIFIED"
"SRC-021","UK proscribed terrorist groups","https://www.gov.uk/government/publications/proscribed-terror-groups-or-organisations--2","gov.uk","section","GB","designation_list","primary","A","en","HTML","UK proscribed organisations list","yes","no","NSAG","HTML page (claimed)","","NEW","UNVERIFIED"
"SRC-022","EU terrorist list","https://www.consilium.europa.eu/en/policies/fight-against-terrorism/terrorist-list/","europa.eu","section","EU","designation_list","primary","A","en","HTML","EU list of persons and groups under terrorism measures","yes","no","NSAG;PERSON","HTML page (claimed)","","NEW","UNVERIFIED"
"SRC-023","MHA India","https://www.mha.gov.in","mha.gov.in","homepage","India","government_ministry","primary","A","en;hi","HTML;PDF","Ministry of Home Affairs - CAPFs and annual reports","yes","yes","GOV_ORG;NSAG","PDF reports (claimed)","Official Indian position","NEW","UNVERIFIED"
"SRC-024","MHA India (UAPA schedule)","https://www.mha.gov.in","mha.gov.in","section","India","designation_list","primary","A","en;hi","HTML;PDF","Banned organisations under UAPA Schedule 1","yes","no","NSAG","HTML or PDF list (claimed)","Exact page path to be located - UNVERIFIED","NEW","UNVERIFIED"
"SRC-025","Mapping Militants Project","https://cisac.fsi.stanford.edu/mappingmilitants","stanford.edu","section","Global","research_database","secondary","B","en","HTML","Militant organisation profiles with aliases and relationships","yes","no","NSAG","HTML profiles (claimed)","Project continuity and licence to verify","NEW","UNVERIFIED"
"SRC-026","Counter Extremism Project","https://www.counterextremism.com","counterextremism.com","homepage","Global","research_institute","secondary","B","en","HTML","Extremist group and individual profiles","yes","yes","NSAG;PERSON","HTML (claimed)","Advocacy-oriented - flag perspective","NEW","UNVERIFIED"
"SRC-027","Long War Journal","https://www.longwarjournal.org","longwarjournal.org","homepage","Global","research_publication","secondary","B","en","HTML;RSS","Jihadist group reporting","yes","yes","NSAG","RSS (claimed)","FDD publication - flag perspective","NEW","UNVERIFIED"
"SRC-028","South Asia Terrorism Portal","https://www.satp.org","satp.org","homepage","South Asia","research_database","secondary","B","en","HTML","Group profiles timelines and fatality data","yes","yes","NSAG;CONFLICT_EVENT","HTML (claimed)","Check terms - from 01_RESOURCES","RETAINED_01_RESOURCES","UNVERIFIED"
"SRC-029","START Global Terrorism Database","https://www.start.umd.edu/gtd","umd.edu","dataset","Global","research_database","secondary","B","en","REG;BULK","Group names and attack records","yes","no","NSAG;CONFLICT_EVENT","Download with registration (claimed)","Terms restrict use - from 01_RESOURCES","RETAINED_01_RESOURCES","UNVERIFIED"
"SRC-030","UCDP","https://ucdp.uu.se","uu.se","dataset","Global","research_database","primary","A","en","BULK;API","Conflict events and actor names","yes","no","NSAG;CONFLICT_EVENT","Bulk and API (claimed)","CC BY per 01_RESOURCES","RETAINED_01_RESOURCES","UNVERIFIED"
"SRC-031","UCDP API","https://ucdpapi.pcr.uu.se","uu.se","api","Global","research_database","primary","A","en","API","Programmatic access to UCDP datasets","yes","no","NSAG;CONFLICT_EVENT","API (claimed)","Endpoint and auth requirements to verify","NEW","UNVERIFIED"
"SRC-032","ACLED","https://acleddata.com","acleddata.com","dataset","Global","research_database","secondary","B","en","REG;API","Political violence event data and actor names","yes","no","NSAG;CONFLICT_EVENT","API with registration (claimed)","Terms restrict redistribution - gazetteer and eval only per 01_RESOURCES","RETAINED_01_RESOURCES","UNVERIFIED"
"SRC-033","GDELT Project","https://www.gdeltproject.org","gdeltproject.org","dataset","Global","news_event_stream","secondary","C","multi","BULK;API","Global news event and URL stream","no","yes","URLs for corpus discovery","Open bulk and BigQuery (claimed)","From 01_RESOURCES - URLs fetched per source rules","RETAINED_01_RESOURCES","UNVERIFIED"
"SRC-034","PRIO","https://www.prio.org","prio.org","homepage","Global","research_institute","secondary","B","en","HTML;BULK","Conflict datasets and publications","yes","yes","CONFLICT_EVENT;NSAG","Datasets (claimed)","","NEW","UNVERIFIED"
"SRC-035","Correlates of War","https://correlatesofwar.org","correlatesofwar.org","dataset","Global","research_database","primary","A","en","BULK","Interstate and intrastate war lists and alliances","yes","no","CONFLICT_EVENT;TREATY_DOCTRINE","CSV (claimed)","Academic use per 01_RESOURCES","RETAINED_01_RESOURCES","UNVERIFIED"
"SRC-036","SIPRI Arms Transfers Database","https://www.sipri.org/databases/armstransfers","sipri.org","dataset","Global","research_database","primary","B","en","BULK","Arms transfer records with weapon designations","yes","no","WEAPON;PLATFORM_*;MIL_ORG","Export CSV (claimed)","01_RESOURCES gave A/B - set B (research institute); cite SIPRI","RETAINED_01_RESOURCES","UNVERIFIED"
"SRC-037","SIPRI Military Expenditure Database","https://www.sipri.org/databases/milex","sipri.org","dataset","Global","research_database","primary","B","en","BULK","Country military spending series","no","no","GPE context only","Export (claimed)","Not an entity source","RETAINED_01_RESOURCES","UNVERIFIED"
"SRC-038","SIPRI Arms Industry Database","https://www.sipri.org/databases/armsindustry","sipri.org","dataset","Global","research_database","primary","B","en","BULK","Top arms-producing companies","yes","no","DEF_INDUSTRY","Export (claimed)","","RETAINED_01_RESOURCES","UNVERIFIED"
"SRC-039","SIPRI Arms Embargoes Database","https://www.sipri.org/databases/embargoes","sipri.org","dataset","Global","research_database","primary","B","en","BULK","UN EU and other arms embargoes","yes","no","TREATY_DOCTRINE;GPE","Export (claimed)","","NEW","UNVERIFIED"
"SRC-040","SIPRI Multilateral Peace Operations Database","https://www.sipri.org/databases/pko","sipri.org","dataset","Global","research_database","primary","B","en","BULK","Peace operation names and mandates","yes","no","OPERATION;PROPOSED peacekeeping missions","Export (claimed)","","NEW","UNVERIFIED"
"SRC-041","SIPRI publications","https://www.sipri.org","sipri.org","homepage","Global","research_institute","secondary","B","en","HTML;PDF","Yearbook summaries and fact sheets","yes","yes","PROGRAMME;TREATY_DOCTRINE;WEAPON","PDF (claimed)","01_RESOURCES section 6","RETAINED_01_RESOURCES","UNVERIFIED"
"SRC-042","UN Register of Conventional Arms","https://www.unroca.org","unroca.org","dataset","Global","un_database","primary","A","en","HTML;BULK","State-reported arms transfers","yes","no","WEAPON;PLATFORM_*","HTML and bulk (claimed)","Site status and URL to verify","RETAINED_01_RESOURCES","UNVERIFIED"
"SRC-043","UNODA","https://disarmament.unoda.org","unoda.org","homepage","Global","un_agency","primary","A","en;multi","HTML;PDF","Treaties and disarmament documents","yes","yes","TREATY_DOCTRINE","PDF (claimed)","UN terms - from 01_RESOURCES","RETAINED_01_RESOURCES","UNVERIFIED"
"SRC-044","UNODA Treaties Database","https://treaties.unoda.org","unoda.org","dataset","Global","un_database","primary","A","en","HTML","Disarmament treaty texts and status","yes","yes","TREATY_DOCTRINE","HTML (claimed)","","NEW","UNVERIFIED"
"SRC-045","UN Treaty Collection","https://treaties.un.org","un.org","dataset","Global","un_database","primary","A","en;fr","HTML;API","Deposited treaties and status","yes","yes","TREATY_DOCTRINE","HTML (claimed)","","NEW","UNVERIFIED"
"SRC-046","UN Peacekeeping","https://peacekeeping.un.org","un.org","homepage","Global","un_agency","primary","A","en;multi","HTML","UN mission names and facts","yes","yes","OPERATION;MIL_ORG","HTML (claimed)","Proposed peacekeeping-mission type needed","NEW","UNVERIFIED"
"SRC-047","CTBTO","https://www.ctbto.org","ctbto.org","homepage","Global","intl_org","primary","A","en","HTML;PDF","Test ban treaty and monitoring data","yes","yes","TREATY_DOCTRINE;MIL_FACILITY","PDF (claimed)","","NEW","UNVERIFIED"
"SRC-048","IAEA","https://www.iaea.org","iaea.org","homepage","Global","intl_org","primary","A","en;multi","HTML;PDF","Nuclear safeguards reporting","yes","yes","GOV_ORG;MIL_FACILITY","PDF (claimed)","","NEW","UNVERIFIED"
"SRC-049","OPCW","https://www.opcw.org","opcw.org","homepage","Global","intl_org","primary","A","en;multi","HTML;PDF","Chemical weapons convention implementation","yes","yes","TREATY_DOCTRINE","PDF (claimed)","","NEW","UNVERIFIED"
"SRC-050","Nuclear Threat Initiative","https://www.nti.org","nti.org","homepage","Global","research_institute","secondary","B","en","HTML","Country nuclear and missile profiles","yes","yes","WEAPON;MIL_FACILITY;TREATY_DOCTRINE","HTML (claimed)","Check terms - from 01_RESOURCES","RETAINED_01_RESOURCES","UNVERIFIED"
"SRC-051","Federation of American Scientists","https://fas.org","fas.org","homepage","Global","research_institute","secondary","B","en","HTML","Nuclear forces by country and Status of World Nuclear Forces","yes","yes","WEAPON;MIL_ORG","HTML (claimed)","From 01_RESOURCES","RETAINED_01_RESOURCES","UNVERIFIED"
"SRC-052","Nuclear Notebook","https://thebulletin.org/nuclear-notebook/","thebulletin.org","section","Global","research_publication","secondary","B","en","HTML","Country nuclear force estimates","yes","yes","WEAPON;MIL_ORG;MIL_FACILITY","HTML (claimed)","Bulletin of the Atomic Scientists with FAS authors - paywall behaviour to verify","NEW","UNVERIFIED"
"SRC-053","Arms Control Association","https://www.armscontrol.org","armscontrol.org","homepage","Global","research_institute","secondary","B","en","HTML","Treaties and fact sheets","yes","yes","TREATY_DOCTRINE;WEAPON","HTML (claimed)","From 01_RESOURCES","RETAINED_01_RESOURCES","UNVERIFIED"
"SRC-054","CSIS Missile Threat","https://missilethreat.csis.org","csis.org","section","Global","research_database","secondary","B","en","HTML","Missile systems by country with specs","yes","yes","WEAPON","HTML (claimed)","From 01_RESOURCES","RETAINED_01_RESOURCES","UNVERIFIED"
"SRC-055","CSIS ChinaPower","https://chinapower.csis.org","csis.org","section","China","research_institute","secondary","B","en","HTML","PLA capability explainers","yes","yes","MIL_ORG;PLATFORM_*;WEAPON","HTML (claimed)","From 01_RESOURCES","RETAINED_01_RESOURCES","UNVERIFIED"
"SRC-056","CNS Missile and Chinese programmes data","https://nonproliferation.org","nonproliferation.org","homepage","Global","research_institute","secondary","B","en","HTML","Middlebury CNS nonproliferation data","yes","yes","WEAPON;DEF_INDUSTRY","HTML (claimed)","Content scope to verify","NEW","UNVERIFIED"
"SRC-057","Small Arms Survey","https://www.smallarmssurvey.org","smallarmssurvey.org","homepage","Global","research_institute","secondary","B","en","HTML;PDF","Small arms data and reports","yes","yes","WEAPON;NSAG","PDF (claimed)","","NEW","UNVERIFIED"
"SRC-058","Conflict Armament Research","https://www.conflictarm.com","conflictarm.com","homepage","Global","research_institute","secondary","B","en","HTML;PDF","Field-documented weapons used by armed groups","yes","yes","WEAPON;NSAG","HTML (claimed)","","NEW","UNVERIFIED"
"SRC-059","Oryx","https://www.oryxspioenkop.com","oryxspioenkop.com","homepage","Global","osint_blog","secondary","B","en","HTML","Visually confirmed equipment losses","yes","yes","PLATFORM_*;WEAPON","HTML (claimed)","From 01_RESOURCES","RETAINED_01_RESOURCES","UNVERIFIED"
"SRC-060","MITRE ATT&CK Groups","https://attack.mitre.org/groups/","mitre.org","section","Global","knowledge_base","primary","B","en","HTML;API;BULK","Threat group names and aliases with references","yes","no","CYBER_ACTOR","STIX data on GitHub (claimed)","Apache 2.0 style terms - verify","NEW","UNVERIFIED"
"SRC-061","MISP Galaxy","https://github.com/MISP/misp-galaxy","github.com","repository","Global","knowledge_base","secondary","B","en","BULK","Threat actor and malware galaxies with synonyms","yes","no","CYBER_ACTOR","JSON in repository (claimed)","Licence to verify","NEW","UNVERIFIED"
"SRC-062","ETDA Threat Group Cards","https://apt.etda.or.th","etda.or.th","section","Global","knowledge_base","secondary","B","en","HTML","Threat group cards with vendor aliases","yes","no","CYBER_ACTOR","HTML (claimed)","Terms to verify","NEW","UNVERIFIED"
"SRC-063","Malpedia","https://malpedia.caad.fkie.fraunhofer.de","fraunhofer.de","dataset","Global","knowledge_base","secondary","B","en","API;REG","Malware families and actors","yes","no","CYBER_ACTOR","API with registration (claimed)","Terms to verify","NEW","UNVERIFIED"
"SRC-064","CISA advisories","https://www.cisa.gov/news-events/cybersecurity-advisories","cisa.gov","section","US","government_advisory","primary","A","en","HTML;RSS","US government cyber advisories","yes","yes","CYBER_ACTOR","RSS (claimed)","US public domain - verify","NEW","UNVERIFIED"
"SRC-065","CERT-In","https://www.cert-in.org.in","cert-in.org.in","homepage","India","government_advisory","primary","A","en","HTML","Indian cyber advisories","yes","yes","CYBER_ACTOR","HTML (claimed)","","NEW","UNVERIFIED"
"SRC-066","CFR Cyber Operations Tracker","https://www.cfr.org/cyber-operations","cfr.org","dataset","Global","research_database","secondary","B","en","HTML","State-sponsored cyber operations","yes","no","CYBER_ACTOR","HTML (claimed)","","NEW","UNVERIFIED"
"SRC-067","Microsoft threat actor naming","https://learn.microsoft.com/en-us/unified-secops-platform/microsoft-threat-actor-naming","microsoft.com","section","Global","vendor_documentation","secondary","B","en","HTML","Microsoft actor naming taxonomy","yes","no","CYBER_ACTOR aliases","HTML (claimed)","Vendor naming - note source","NEW","UNVERIFIED"
"SRC-068","CrowdStrike Adversaries","https://www.crowdstrike.com/adversaries/","crowdstrike.com","section","Global","vendor_documentation","secondary","B","en","HTML","Vendor adversary profiles","yes","no","CYBER_ACTOR aliases","HTML (claimed)","Vendor naming - note source","NEW","UNVERIFIED"
"SRC-069","Google Threat Intelligence APT groups","https://cloud.google.com/security/resources/insights/apt-groups","google.com","section","Global","vendor_documentation","secondary","B","en","HTML","Mandiant APT group descriptions","yes","no","CYBER_ACTOR aliases","HTML (claimed)","Vendor naming - note source","NEW","UNVERIFIED"
"SRC-070","Press Information Bureau","https://pib.gov.in","pib.gov.in","homepage","India","government_press","primary","A","en;hi;multi","RSS;HTML","Daily Ministry of Defence releases","yes","yes","PROGRAMME;OPERATION;EXERCISE;PERSON;WEAPON","RSS (claimed)","Parallel Hindi-English text; GODL licence to verify","RETAINED_01_RESOURCES","UNVERIFIED"
"SRC-071","Ministry of Defence India","https://mod.gov.in","mod.gov.in","homepage","India","government_ministry","primary","A","en;hi","HTML;PDF","Annual reports and acquisition documents","yes","yes","MIL_ORG;GOV_ORG;PROGRAMME;DEF_INDUSTRY","PDF (claimed)","From 01_RESOURCES","RETAINED_01_RESOURCES","UNVERIFIED"
"SRC-072","Integrated Defence Staff","https://ids.nic.in","ids.nic.in","homepage","India","government_military","primary","A","en","HTML;PDF","Joint doctrine and tri-service documents","yes","yes","TREATY_DOCTRINE;MIL_DOC","PDF (claimed)","URL unverified","NEW","UNVERIFIED"
"SRC-073","Indian Army website","https://indianarmy.nic.in","indianarmy.nic.in","homepage","India","government_military","primary","A","en;hi","HTML","Regiments commands and history","yes","yes","MIL_ORG;MIL_UNIT","HTML (claimed)","From 01_RESOURCES","RETAINED_01_RESOURCES","UNVERIFIED"
"SRC-074","Indian Navy website","https://indiannavy.gov.in","indiannavy.gov.in","homepage","India","government_military","primary","A","en","HTML","Ship names pennants and commands","yes","yes","PLATFORM_SEA;MIL_ORG;MIL_FACILITY","HTML (claimed)","From 01_RESOURCES","RETAINED_01_RESOURCES","UNVERIFIED"
"SRC-075","Indian Air Force website","https://indianairforce.nic.in","indianairforce.nic.in","homepage","India","government_military","primary","A","en","HTML","Aircraft and commands","yes","yes","PLATFORM_AIR;MIL_ORG;MIL_UNIT","HTML (claimed)","From 01_RESOURCES","RETAINED_01_RESOURCES","UNVERIFIED"
"SRC-076","DRDO","https://drdo.gov.in","drdo.gov.in","homepage","India","government_rnd","primary","A","en","HTML;PDF","Programmes systems and newsletters","yes","yes","WEAPON;PROGRAMME;SENSOR_C4ISR;DEF_INDUSTRY","PDF (claimed)","From 01_RESOURCES","RETAINED_01_RESOURCES","UNVERIFIED"
"SRC-077","Indian Coast Guard","https://indiancoastguard.gov.in","indiancoastguard.gov.in","homepage","India","government_military","primary","A","en","HTML","Vessels and stations","yes","yes","PLATFORM_SEA;MIL_FACILITY","HTML (claimed)","From 01_RESOURCES","RETAINED_01_RESOURCES","UNVERIFIED"
"SRC-078","Sansad","https://sansad.in","sansad.in","homepage","India","legislature","primary","A","en;hi","HTML;PDF","Parliamentary questions and committee reports","yes","yes","PROGRAMME;WEAPON;GOV_ORG;LAW_POLICY","PDF (claimed)","From 01_RESOURCES","RETAINED_01_RESOURCES","UNVERIFIED"
"SRC-079","Comptroller and Auditor General","https://cag.gov.in","cag.gov.in","homepage","India","audit","primary","A","en","PDF","Defence audit reports","yes","yes","PROGRAMME;DEF_INDUSTRY","PDF (claimed)","From 01_RESOURCES","RETAINED_01_RESOURCES","UNVERIFIED"
"SRC-080","Ministry of External Affairs India","https://www.mea.gov.in","mea.gov.in","homepage","India","government_ministry","primary","A","en;hi","HTML","Treaties and agreements and statements","yes","yes","TREATY_DOCTRINE;GOV_ORG","HTML (claimed)","","NEW","UNVERIFIED"
"SRC-081","National Investigation Agency","https://nia.gov.in","nia.gov.in","homepage","India","government_agency","primary","A","en","HTML;PDF","Case press releases naming groups","yes","yes","NSAG;PERSON","PDF (claimed)","","NEW","UNVERIFIED"
"SRC-082","ISRO","https://www.isro.gov.in","isro.gov.in","homepage","India","government_agency","primary","A","en","HTML","Satellite and launch information","yes","yes","SENSOR_C4ISR;MIL_FACILITY","HTML (claimed)","","NEW","UNVERIFIED"
"SRC-083","eGazette of India","https://egazette.gov.in","egazette.gov.in","dataset","India","government_gazette","primary","A","en;hi","HTML;PDF","Official notifications","yes","yes","LAW_POLICY;GOV_ORG","PDF (claimed)","","NEW","UNVERIFIED"
"SRC-084","Open Government Data Platform India","https://data.gov.in","data.gov.in","dataset","India","open_data","primary","A","en","BULK;API","Government datasets","no","yes","Context datasets","API and CSV (claimed)","Defence content availability unknown","NEW","UNVERIFIED"
"SRC-085","HAL website","https://hal-india.co.in","hal-india.co.in","homepage","India","company","primary","A","en","HTML","Product pages for aircraft and helicopters","yes","yes","PLATFORM_AIR;DEF_INDUSTRY","HTML (claimed)","Company self-description","NEW","UNVERIFIED"
"SRC-086","BEL website","https://www.bel-india.in","bel-india.in","homepage","India","company","primary","A","en","HTML","Defence electronics products","yes","yes","SENSOR_C4ISR;DEF_INDUSTRY","HTML (claimed)","","NEW","UNVERIFIED"
"SRC-087","BDL website","https://bdl-india.in","bdl-india.in","homepage","India","company","primary","A","en","HTML","Missile products","yes","yes","WEAPON;DEF_INDUSTRY","HTML (claimed)","","NEW","UNVERIFIED"
"SRC-088","Mazagon Dock website","https://mazagondock.in","mazagondock.in","homepage","India","company","primary","A","en","HTML","Ship and submarine programmes","yes","yes","PLATFORM_SEA;PROGRAMME","HTML (claimed)","","NEW","UNVERIFIED"
"SRC-089","GRSE website","https://grse.in","grse.in","homepage","India","company","primary","A","en","HTML","Ship programmes","yes","yes","PLATFORM_SEA;PROGRAMME","HTML (claimed)","","NEW","UNVERIFIED"
"SRC-090","BrahMos Aerospace website","https://www.brahmos.com","brahmos.com","homepage","India;Russia","company","primary","A","en","HTML","BrahMos product information","yes","yes","WEAPON","HTML (claimed)","","NEW","UNVERIFIED"
"SRC-091","Bharat Rakshak","https://www.bharat-rakshak.com","bharat-rakshak.com","homepage","India","enthusiast_database","secondary","C","en","HTML","Indian military history and equipment","yes","yes","MIL_UNIT;PLATFORM_*;CONFLICT_EVENT","HTML (claimed)","Site status and licence unknown","NEW","UNVERIFIED"
"SRC-092","IPCS","https://www.ipcs.org","ipcs.org","homepage","India","research_institute","secondary","B","en","HTML","South Asia conflict analysis","yes","yes","NSAG;CONFLICT_EVENT","HTML (claimed)","","NEW","UNVERIFIED"
"SRC-093","MP-IDSA","https://www.idsa.in","idsa.in","homepage","India","research_institute","secondary","B","en","HTML;PDF","Journal of Defence Studies and issue briefs","yes","yes","PROGRAMME;MIL_ORG;TREATY_DOCTRINE","PDF (claimed)","From 01_RESOURCES","RETAINED_01_RESOURCES","UNVERIFIED"
"SRC-094","CLAWS","https://www.claws.in","claws.in","homepage","India","research_institute","secondary","B","en","HTML;PDF","Army-focused analysis","yes","yes","MIL_UNIT;PROGRAMME","PDF (claimed)","From 01_RESOURCES","RETAINED_01_RESOURCES","UNVERIFIED"
"SRC-095","Centre for Air Power Studies","https://capsindia.org","capsindia.org","homepage","India","research_institute","secondary","B","en","HTML;PDF","Air power analysis","yes","yes","PLATFORM_AIR;PROGRAMME","PDF (claimed)","From 01_RESOURCES","RETAINED_01_RESOURCES","UNVERIFIED"
"SRC-096","National Maritime Foundation","https://maritimeindia.org","maritimeindia.org","homepage","India","research_institute","secondary","B","en","HTML;PDF","Naval analysis","yes","yes","PLATFORM_SEA;PROGRAMME","PDF (claimed)","From 01_RESOURCES","RETAINED_01_RESOURCES","UNVERIFIED"
"SRC-097","USI of India","https://usiofindia.org","usiofindia.org","homepage","India","research_institute","secondary","B","en","HTML;PDF","USI Journal","yes","yes","MIL_UNIT;TREATY_DOCTRINE","PDF (claimed)","From 01_RESOURCES","RETAINED_01_RESOURCES","UNVERIFIED"
"SRC-098","Observer Research Foundation","https://www.orfonline.org","orfonline.org","homepage","India","research_institute","secondary","B","en","HTML;PDF","Security and foreign policy analysis","yes","yes","TREATY_DOCTRINE;PROGRAMME","HTML (claimed)","From 01_RESOURCES","RETAINED_01_RESOURCES","UNVERIFIED"
"SRC-099","Vivekananda International Foundation","https://www.vifindia.org","vifindia.org","homepage","India","research_institute","secondary","B","en","HTML;PDF","Security analysis","yes","yes","TREATY_DOCTRINE","HTML (claimed)","From 01_RESOURCES","RETAINED_01_RESOURCES","UNVERIFIED"
"SRC-100","The Hindu","https://www.thehindu.com","thehindu.com","homepage","India","press_of_record","secondary","B","en","HTML;RSS","Defence reporting","yes","yes","All types in context","HTML and RSS (claimed)","Paywall metering and robots to check","NEW","UNVERIFIED"
"SRC-101","Indian Express","https://indianexpress.com","indianexpress.com","homepage","India","press_of_record","secondary","B","en","HTML;RSS","Defence reporting","yes","yes","All types in context","HTML and RSS (claimed)","Paywall and robots to check","NEW","UNVERIFIED"
"SRC-102","ThePrint","https://theprint.in","theprint.in","homepage","India","news_outlet","secondary","B","en","HTML;RSS","Defence reporting","yes","yes","All types in context","HTML (claimed)","","NEW","UNVERIFIED"
"SRC-103","Hindustan Times","https://www.hindustantimes.com","hindustantimes.com","homepage","India","press_of_record","secondary","B","en","HTML;RSS","Defence reporting","yes","yes","All types in context","HTML (claimed)","","NEW","UNVERIFIED"
"SRC-104","Livefist Defence","https://www.livefistdefence.com","livefistdefence.com","homepage","India","defence_press","secondary","C","en","HTML","Indian defence equipment news","yes","yes","PLATFORM_*;WEAPON;PROGRAMME","HTML (claimed)","From 01_RESOURCES","RETAINED_01_RESOURCES","UNVERIFIED"
"SRC-105","StratNews Global","https://stratnewsglobal.com","stratnewsglobal.com","homepage","India","defence_press","secondary","C","en","HTML","Strategic affairs news","yes","yes","All types in context","HTML (claimed)","From 01_RESOURCES","RETAINED_01_RESOURCES","UNVERIFIED"
"SRC-106","Bharat Shakti","https://bharatshakti.in","bharatshakti.in","homepage","India","defence_press","secondary","C","en","HTML","Indian defence news","yes","yes","All types in context","HTML (claimed)","From 01_RESOURCES","RETAINED_01_RESOURCES","UNVERIFIED"
"SRC-107","Force India","https://forceindia.net","forceindia.net","homepage","India","defence_press","secondary","C","en","HTML","Indian defence magazine","yes","yes","All types in context","HTML (claimed)","From 01_RESOURCES","RETAINED_01_RESOURCES","UNVERIFIED"
"SRC-108","IDRW","https://idrw.org","idrw.org","homepage","India","defence_press","secondary","D","en","HTML","Rumour-heavy Indian defence blog","yes","yes","PLATFORM_*;PROGRAMME","HTML (claimed)","Robustness slice only per 01_RESOURCES","RETAINED_01_RESOURCES","UNVERIFIED"
"SRC-109","ISPR Pakistan","https://ispr.gov.pk","ispr.gov.pk","homepage","Pakistan","government_military","primary","A","en;ur","HTML","Press releases on operations and tests","yes","yes","MIL_ORG;OPERATION;WEAPON","HTML (claimed)","State claims - from 01_RESOURCES","RETAINED_01_RESOURCES","UNVERIFIED"
"SRC-110","Ministry of Defence Pakistan","https://mod.gov.pk","mod.gov.pk","homepage","Pakistan","government_ministry","primary","A","en","HTML","Defence ministry information","yes","yes","GOV_ORG;PROGRAMME","HTML (claimed)","URL to verify","NEW","UNVERIFIED"
"SRC-111","Pakistan Navy website","https://paknavy.gov.pk","paknavy.gov.pk","homepage","Pakistan","government_military","primary","A","en","HTML","Platforms and commands","yes","yes","PLATFORM_SEA;MIL_ORG","HTML (claimed)","From 01_RESOURCES","RETAINED_01_RESOURCES","UNVERIFIED"
"SRC-112","Pakistan Air Force website","https://paf.gov.pk","paf.gov.pk","homepage","Pakistan","government_military","primary","A","en","HTML","Platforms and commands","yes","yes","PLATFORM_AIR;MIL_ORG","HTML (claimed)","From 01_RESOURCES","RETAINED_01_RESOURCES","UNVERIFIED"
"SRC-113","PAC website","https://www.pac.org.pk","pac.org.pk","homepage","Pakistan","company","primary","A","en","HTML","JF-17 and trainer product information","yes","yes","PLATFORM_AIR;DEF_INDUSTRY","HTML (claimed)","URL to verify","NEW","UNVERIFIED"
"SRC-114","POF website","https://www.pof.gov.pk","pof.gov.pk","homepage","Pakistan","company","primary","A","en","HTML","Ordnance products","yes","yes","WEAPON;DEF_INDUSTRY","HTML (claimed)","URL to verify","NEW","UNVERIFIED"
"SRC-115","Dawn","https://www.dawn.com","dawn.com","homepage","Pakistan","press_of_record","secondary","B","en","HTML;RSS","Pakistan defence and security news","yes","yes","All types in context","HTML and RSS (claimed)","Check robots - from 01_RESOURCES","RETAINED_01_RESOURCES","UNVERIFIED"
"SRC-116","The Express Tribune","https://tribune.com.pk","tribune.com.pk","homepage","Pakistan","press_of_record","secondary","B","en","HTML;RSS","Pakistan news","yes","yes","All types in context","HTML and RSS (claimed)","From 01_RESOURCES","RETAINED_01_RESOURCES","UNVERIFIED"
"SRC-117","The News International","https://www.thenews.com.pk","thenews.com.pk","homepage","Pakistan","press_of_record","secondary","B","en","HTML;RSS","Pakistan news","yes","yes","All types in context","HTML (claimed)","","NEW","UNVERIFIED"
"SRC-118","ISSI Islamabad","https://issi.org.pk","issi.org.pk","homepage","Pakistan","research_institute","secondary","B","en","HTML;PDF","Pakistani strategic studies","yes","yes","TREATY_DOCTRINE;MIL_ORG","PDF (claimed)","From 01_RESOURCES","RETAINED_01_RESOURCES","UNVERIFIED"
"SRC-119","IPRI","https://ipripak.org","ipripak.org","homepage","Pakistan","research_institute","secondary","B","en","HTML;PDF","Pakistani policy research","yes","yes","TREATY_DOCTRINE","PDF (claimed)","From 01_RESOURCES","RETAINED_01_RESOURCES","UNVERIFIED"
"SRC-120","CISS","https://ciss.org.pk","ciss.org.pk","homepage","Pakistan","research_institute","secondary","B","en","HTML;PDF","Pakistani strategic studies","yes","yes","TREATY_DOCTRINE","PDF (claimed)","From 01_RESOURCES","RETAINED_01_RESOURCES","UNVERIFIED"
"SRC-121","MND PRC","https://eng.mod.gov.cn","mod.gov.cn","homepage","China","government_ministry","primary","A","en","HTML","Press conferences and exercise announcements","yes","yes","EXERCISE;MIL_ORG;GOV_ORG","HTML (claimed)","State claims; 01_RESOURCES listed http - verify https","RETAINED_01_RESOURCES","UNVERIFIED"
"SRC-122","China Military Online","http://eng.chinamil.com.cn","chinamil.com.cn","homepage","China","state_media","primary","A","en","HTML","PLA Daily English content","yes","yes","MIL_UNIT;PLATFORM_*;EXERCISE","HTML (claimed)","State media - 01_RESOURCES gave A while Global Times is D - tier inconsistency flagged","RETAINED_01_RESOURCES","UNVERIFIED"
"SRC-123","State Council Information Office","http://english.scio.gov.cn","scio.gov.cn","homepage","China","government_press","primary","A","en","HTML;PDF","Defence white papers","yes","yes","MIL_DOC;TREATY_DOCTRINE","PDF (claimed)","URL to verify","NEW","UNVERIFIED"
"SRC-124","DoD China Military Power Report","https://www.defense.gov","defense.gov","section","US;China","government_report","primary","A","en","PDF","Annual report on PLA organisation and systems","yes","yes","MIL_ORG;WEAPON;PLATFORM_*;MIL_DOC","PDF (claimed)","From 01_RESOURCES; direct PDF location to find","RETAINED_01_RESOURCES","UNVERIFIED"
"SRC-125","CASI","https://www.airuniversity.af.edu/CASI","af.edu","section","China;US","research_institute","secondary","B","en","PDF","PLA organisation charts and translations","yes","yes","MIL_ORG;MIL_UNIT","PDF (claimed)","01_RESOURCES gave A/B - set B","RETAINED_01_RESOURCES","UNVERIFIED"
"SRC-126","Jamestown Foundation","https://jamestown.org","jamestown.org","homepage","China;Global","research_institute","secondary","B","en","HTML;RSS","China Brief PLA analysis","yes","yes","MIL_ORG;PROGRAMME","RSS (claimed)","From 01_RESOURCES","RETAINED_01_RESOURCES","UNVERIFIED"
"SRC-127","RAND Corporation","https://www.rand.org","rand.org","homepage","Global","research_institute","secondary","B","en","PDF","Long-form PLA and security research","yes","yes","PROGRAMME;MIL_ORG","PDF (claimed)","From 01_RESOURCES","RETAINED_01_RESOURCES","UNVERIFIED"
"SRC-128","Xinhua English","http://english.news.cn","news.cn","homepage","China","state_media","primary","D","en","HTML;RSS","State news agency","yes","yes","All types in context","RSS (claimed)","State outlet - tier set D for factual claims; useful for official naming","NEW","UNVERIFIED"
"SRC-129","Global Times","https://www.globaltimes.cn","globaltimes.cn","homepage","China","state_media","primary","D","en","HTML","State-aligned tabloid","no","yes","Contrast slice","HTML (claimed)","Robustness slice only per 01_RESOURCES","RETAINED_01_RESOURCES","UNVERIFIED"
"SRC-130","South China Morning Post","https://www.scmp.com","scmp.com","homepage","China;HK","news_outlet","secondary","B","en","HTML","China military reporting","yes","yes","All types in context","HTML (claimed)","Paywall metering - ownership context noted","NEW","UNVERIFIED"
"SRC-131","The Diplomat","https://thediplomat.com","thediplomat.com","homepage","Asia","news_outlet","secondary","B","en","HTML;RSS","Asia-Pacific security analysis","yes","yes","All types in context","RSS (claimed)","","NEW","UNVERIFIED"
"SRC-132","Taiwan MND","https://www.mnd.gov.tw/english/","mnd.gov.tw","homepage","Taiwan","government_ministry","primary","A","en;zh","HTML","Daily PLA activity reports","yes","yes","EXERCISE;PLATFORM_*;CONFLICT_EVENT","HTML (claimed)","URL path to verify","NEW","UNVERIFIED"
"SRC-133","Japan MoD","https://www.mod.go.jp/en/","mod.go.jp","homepage","Japan","government_ministry","primary","A","en;ja","HTML;PDF","Defence white paper and PLA/Russia activity","yes","yes","MIL_ORG;PLATFORM_*;MIL_DOC","PDF (claimed)","URL path to verify","NEW","UNVERIFIED"
"SRC-134","ISPR Bangladesh","https://ispr.gov.bd","ispr.gov.bd","homepage","Bangladesh","government_military","primary","A","en;bn","HTML","Army Navy Air Force releases","yes","yes","MIL_ORG;EXERCISE","HTML (claimed)","From 01_RESOURCES","RETAINED_01_RESOURCES","UNVERIFIED"
"SRC-135","Armed Forces Division Bangladesh","https://afd.gov.bd","afd.gov.bd","homepage","Bangladesh","government_military","primary","A","en;bn","HTML","Tri-service staff information","yes","yes","MIL_ORG","HTML (claimed)","From 01_RESOURCES","RETAINED_01_RESOURCES","UNVERIFIED"
"SRC-136","BIISS","https://biiss.org","biiss.org","homepage","Bangladesh","research_institute","secondary","B","en","PDF","Bangladesh strategic studies","yes","yes","TREATY_DOCTRINE","PDF (claimed)","From 01_RESOURCES","RETAINED_01_RESOURCES","UNVERIFIED"
"SRC-137","The Daily Star","https://www.thedailystar.net","thedailystar.net","homepage","Bangladesh","press_of_record","secondary","B","en","HTML;RSS","Bangladesh news","yes","yes","All types in context","RSS (claimed)","From 01_RESOURCES","RETAINED_01_RESOURCES","UNVERIFIED"
"SRC-138","Nepal Army website","https://nepalarmy.mil.np","nepalarmy.mil.np","homepage","Nepal","government_military","primary","A","en;ne","HTML","Army information","yes","yes","MIL_ORG;EXERCISE","HTML (claimed)","From 01_RESOURCES","RETAINED_01_RESOURCES","UNVERIFIED"
"SRC-139","Sri Lanka MoD","https://www.defence.lk","defence.lk","homepage","Sri Lanka","government_ministry","primary","A","en","HTML","Defence ministry news","yes","yes","GOV_ORG;MIL_ORG","HTML (claimed)","From 01_RESOURCES","RETAINED_01_RESOURCES","UNVERIFIED"
"SRC-140","Sri Lanka Army website","https://www.army.lk","army.lk","homepage","Sri Lanka","government_military","primary","A","en","HTML","Army information","yes","yes","MIL_UNIT;MIL_ORG","HTML (claimed)","URL to verify","NEW","UNVERIFIED"
"SRC-141","Sri Lanka Navy website","https://www.navy.lk","navy.lk","homepage","Sri Lanka","government_military","primary","A","en","HTML","Navy information","yes","yes","PLATFORM_SEA;MIL_ORG","HTML (claimed)","URL to verify","NEW","UNVERIFIED"
"SRC-142","Sri Lanka Air Force website","https://www.airforce.lk","airforce.lk","homepage","Sri Lanka","government_military","primary","A","en","HTML","Air force information","yes","yes","PLATFORM_AIR;MIL_ORG","HTML (claimed)","URL to verify","NEW","UNVERIFIED"
"SRC-143","The Irrawaddy","https://www.irrawaddy.com","irrawaddy.com","homepage","Myanmar","news_outlet","secondary","B","en","HTML;RSS","Myanmar armed group reporting","yes","yes","NSAG;CONFLICT_EVENT","RSS (claimed)","From 01_RESOURCES","RETAINED_01_RESOURCES","UNVERIFIED"
"SRC-144","CIA World Factbook","https://www.cia.gov/the-world-factbook/","cia.gov","dataset","Global","government_reference","primary","A","en","HTML;BULK","Military and security sections per country","yes","yes","MIL_ORG","Downloadable data (claimed)","US public domain - verify","NEW","UNVERIFIED"
"SRC-145","US Navy fact files","https://www.navy.mil/Resources/Fact-Files/","navy.mil","section","US","government_military","primary","A","en","HTML","Ship and aircraft fact files","yes","yes","PLATFORM_SEA;PLATFORM_AIR;WEAPON","HTML (claimed)","","NEW","UNVERIFIED"
"SRC-146","US Air Force fact sheets","https://www.af.mil/About-Us/Fact-Sheets/","af.mil","section","US","government_military","primary","A","en","HTML","Aircraft and missile fact sheets","yes","yes","PLATFORM_AIR;WEAPON","HTML (claimed)","","NEW","UNVERIFIED"
"SRC-147","US Army","https://www.army.mil","army.mil","homepage","US","government_military","primary","A","en","HTML","Army news and equipment","yes","yes","MIL_UNIT;PLATFORM_LAND","HTML (claimed)","","NEW","UNVERIFIED"
"SRC-148","DVIDS","https://www.dvidshub.net","dvidshub.net","homepage","US","government_press","primary","A","en","HTML","Military news and imagery captions","yes","yes","EXERCISE;OPERATION;MIL_UNIT","HTML (claimed)","US public domain - verify","NEW","UNVERIFIED"
"SRC-149","Naval Vessel Register","https://www.nvr.navy.mil","navy.mil","dataset","US","government_registry","primary","A","en","HTML","US Navy ship register","yes","no","PLATFORM_SEA","HTML (claimed)","","NEW","UNVERIFIED"
"SRC-150","Congressional Research Service reports","https://crsreports.congress.gov","congress.gov","section","US","government_report","primary","A","en","PDF","Programme and policy reports","yes","yes","PROGRAMME;WEAPON;TREATY_DOCTRINE","PDF (claimed)","Public availability to verify","NEW","UNVERIFIED"
"SRC-151","GAO weapon systems reports","https://www.gao.gov","gao.gov","section","US","government_report","primary","A","en","PDF","Weapon system assessments","yes","yes","PROGRAMME;WEAPON","PDF (claimed)","","NEW","UNVERIFIED"
"SRC-152","NATO website","https://www.nato.int","nato.int","homepage","NATO","intl_org","primary","A","en;fr","HTML;PDF","Alliance documents and exercise releases","yes","yes","EXERCISE;TREATY_DOCTRINE;MIL_ORG","HTML (claimed)","","NEW","UNVERIFIED"
"SRC-153","NATOTerm","https://nso.nato.int/natoterm","nato.int","dataset","NATO","terminology","primary","A","en;fr","HTML","NATO-agreed terminology","yes","no","Terms (not entities) and acronyms","HTML (claimed)","From 01_RESOURCES; terms are generic not entities","RETAINED_01_RESOURCES","UNVERIFIED"
"SRC-154","DoD Dictionary of Military and Associated Terms","https://www.jcs.mil","jcs.mil","dataset","US","terminology","primary","A","en","PDF","Term list","yes","no","Terms and acronyms","PDF (claimed)","From 01_RESOURCES; exact path to locate","RETAINED_01_RESOURCES","UNVERIFIED"
"SRC-155","UK MoD","https://www.gov.uk/government/organisations/ministry-of-defence","gov.uk","homepage","GB","government_ministry","primary","A","en","HTML","UK defence publications","yes","yes","MIL_ORG;PROGRAMME;PLATFORM_*","HTML (claimed)","OGL per vendor - verify","NEW","UNVERIFIED"
"SRC-156","Russian MoD","https://eng.mod.gov.ru","gov.ru","homepage","Russia","government_ministry","primary","A","en;ru","HTML","Russian defence ministry releases","yes","yes","MIL_ORG;EXERCISE;OPERATION","HTML (claimed)","State claims","NEW","UNVERIFIED"
"SRC-157","Kremlin","http://en.kremlin.ru","kremlin.ru","homepage","Russia","government_press","primary","A","en;ru","HTML","Decrees and statements","yes","yes","PERSON;TREATY_DOCTRINE","HTML (claimed)","State claims","NEW","UNVERIFIED"
"SRC-158","Israel Defense Forces","https://www.idf.il","idf.il","homepage","Israel","government_military","primary","A","en;he","HTML","IDF releases","yes","yes","MIL_UNIT;OPERATION","HTML (claimed)","State claims","NEW","UNVERIFIED"
"SRC-159","TASS","https://tass.com","tass.com","homepage","Russia","state_media","primary","D","en;ru","HTML","Russian state news agency","yes","yes","All types in context","HTML (claimed)","State outlet - tier D for factual claims","NEW","UNVERIFIED"
"SRC-160","Institute for the Study of War","https://www.understandingwar.org","understandingwar.org","homepage","Global","research_institute","secondary","B","en","HTML","Daily assessments with unit and equipment naming","yes","yes","MIL_UNIT;PLATFORM_*;OPERATION","HTML (claimed)","From 01_RESOURCES","RETAINED_01_RESOURCES","UNVERIFIED"
"SRC-161","IISS","https://www.iiss.org","iiss.org","homepage","Global","research_institute","secondary","B","en","HTML","Military Balance (paid) and free analysis","yes","yes","MIL_ORG;PLATFORM_*;MIL_DOC","HTML (claimed)","01_RESOURCES gave A/B - set B; Military Balance is PAY so free analysis only","RETAINED_01_RESOURCES","UNVERIFIED"
"SRC-162","Carnegie Endowment","https://carnegieendowment.org","carnegieendowment.org","homepage","Global","research_institute","secondary","B","en","HTML;PDF","South Asia and nuclear analysis","yes","yes","TREATY_DOCTRINE;PROGRAMME","PDF (claimed)","From 01_RESOURCES","RETAINED_01_RESOURCES","UNVERIFIED"
"SRC-163","Stimson Center","https://www.stimson.org","stimson.org","homepage","Global","research_institute","secondary","B","en","HTML;PDF","South Asia analysis","yes","yes","TREATY_DOCTRINE","PDF (claimed)","From 01_RESOURCES","RETAINED_01_RESOURCES","UNVERIFIED"
"SRC-164","RUSI","https://rusi.org","rusi.org","homepage","Global","research_institute","secondary","B","en","HTML;PDF","Defence and security analysis","yes","yes","PROGRAMME;MIL_ORG","PDF (claimed)","From 01_RESOURCES","RETAINED_01_RESOURCES","UNVERIFIED"
"SRC-165","International Crisis Group","https://www.crisisgroup.org","crisisgroup.org","homepage","Global","research_institute","secondary","B","en;multi","HTML;PDF","Conflict analysis with armed group naming","yes","yes","NSAG;CONFLICT_EVENT","PDF (claimed)","From 01_RESOURCES","RETAINED_01_RESOURCES","UNVERIFIED"
"SRC-166","ASPI The Strategist","https://www.aspistrategist.org.au","aspistrategist.org.au","homepage","Asia-Pacific","research_institute","secondary","B","en","HTML;RSS","Indo-Pacific defence analysis","yes","yes","PROGRAMME;PLATFORM_*","RSS (claimed)","","NEW","UNVERIFIED"
"SRC-167","CNAS","https://www.cnas.org","cnas.org","homepage","Global","research_institute","secondary","B","en","PDF","US security analysis","yes","yes","PROGRAMME","PDF (claimed)","","NEW","UNVERIFIED"
"SRC-168","Atlantic Council","https://www.atlanticcouncil.org","atlanticcouncil.org","homepage","Global","research_institute","secondary","B","en","HTML;PDF","Security analysis","yes","yes","PROGRAMME;CONFLICT_EVENT","HTML (claimed)","","NEW","UNVERIFIED"
"SRC-169","Brookings Institution","https://www.brookings.edu","brookings.edu","homepage","Global","research_institute","secondary","B","en","HTML;PDF","India and security analysis","yes","yes","TREATY_DOCTRINE","HTML (claimed)","","NEW","UNVERIFIED"
"SRC-170","Defense News","https://www.defensenews.com","defensenews.com","homepage","Global","defence_press","secondary","C","en","HTML;RSS","Defence industry and programme news","yes","yes","PROGRAMME;DEF_INDUSTRY;PLATFORM_*","RSS (claimed)","From 01_RESOURCES","RETAINED_01_RESOURCES","UNVERIFIED"
"SRC-171","Breaking Defense","https://breakingdefense.com","breakingdefense.com","homepage","Global","defence_press","secondary","C","en","HTML;RSS","Defence programme news","yes","yes","PROGRAMME;DEF_INDUSTRY","RSS (claimed)","From 01_RESOURCES","RETAINED_01_RESOURCES","UNVERIFIED"
"SRC-172","Naval News","https://www.navalnews.com","navalnews.com","homepage","Global","defence_press","secondary","C","en","HTML;RSS","Ship classes and hull numbers","yes","yes","PLATFORM_SEA","RSS (claimed)","From 01_RESOURCES","RETAINED_01_RESOURCES","UNVERIFIED"
"SRC-173","The War Zone","https://www.twz.com","twz.com","homepage","Global","defence_press","secondary","C","en","HTML","Defence news","yes","yes","PLATFORM_*;WEAPON","HTML (claimed)","From 01_RESOURCES","RETAINED_01_RESOURCES","UNVERIFIED"
"SRC-174","Army Recognition","https://www.armyrecognition.com","armyrecognition.com","homepage","Global","equipment_catalogue","secondary","C","en","HTML","Equipment catalogue","yes","yes","PLATFORM_LAND;WEAPON","HTML (claimed)","From 01_RESOURCES","RETAINED_01_RESOURCES","UNVERIFIED"
"SRC-175","Janes","https://www.janes.com","janes.com","homepage","Global","defence_press","secondary","C","en","PAY","News headlines only - most content paid","yes","no","PLATFORM_*;WEAPON","PAY","Paywalled - do not crawl; From 01_RESOURCES","RETAINED_01_RESOURCES","UNVERIFIED"
"SRC-176","GlobalSecurity.org","https://www.globalsecurity.org","globalsecurity.org","homepage","Global","reference_site","secondary","C","en","HTML","Older reference pages","yes","yes","MIL_FACILITY;PLATFORM_*;WEAPON","HTML (claimed)","Verify facts - From 01_RESOURCES","RETAINED_01_RESOURCES","UNVERIFIED"
"SRC-177","Military Factory","https://www.militaryfactory.com","militaryfactory.com","homepage","Global","equipment_catalogue","secondary","C","en","HTML","Equipment specs","yes","yes","PLATFORM_*;WEAPON","HTML (claimed)","From 01_RESOURCES","RETAINED_01_RESOURCES","UNVERIFIED"
"SRC-178","Global Firepower","https://www.globalfirepower.com","globalfirepower.com","homepage","Global","ranking_site","secondary","C","en","HTML","Country comparison data","no","no","GPE context only","HTML (claimed)","Opaque methodology - low priority","NEW","UNVERIFIED"
"SRC-179","Navypedia","https://www.navypedia.org","navypedia.org","homepage","Global","equipment_catalogue","secondary","C","en","HTML","Ship classes by country","yes","no","PLATFORM_SEA","HTML (claimed)","","NEW","UNVERIFIED"
"SRC-180","Defense One","https://www.defenseone.com","defenseone.com","homepage","US","defence_press","secondary","C","en","HTML;RSS","US defence news","yes","yes","PROGRAMME","RSS (claimed)","","NEW","UNVERIFIED"
"SRC-181","Military Times","https://www.militarytimes.com","militarytimes.com","homepage","US","defence_press","secondary","C","en","HTML;RSS","US military news","yes","yes","MIL_UNIT;PROGRAMME","RSS (claimed)","","NEW","UNVERIFIED"
"SRC-182","Stars and Stripes","https://www.stripes.com","stripes.com","homepage","US","defence_press","secondary","B","en","HTML;RSS","US military news","yes","yes","MIL_UNIT;EXERCISE;OPERATION","RSS (claimed)","","NEW","UNVERIFIED"
"SRC-183","Eurasian Times","https://www.eurasiantimes.com","eurasiantimes.com","homepage","Global","defence_press","secondary","D","en","HTML","High-volume defence commentary","yes","yes","PLATFORM_*;WEAPON","HTML (claimed)","Robustness slice only - sensational framing","NEW","UNVERIFIED"
"SRC-184","Military Watch Magazine","https://militarywatchmagazine.com","militarywatchmagazine.com","homepage","Global","defence_press","secondary","D","en","HTML","Defence commentary","yes","yes","PLATFORM_*;WEAPON","HTML (claimed)","Robustness slice only - perspective-skewed coverage","NEW","UNVERIFIED"
"SRC-185","Lockheed Martin website","https://www.lockheedmartin.com","lockheedmartin.com","homepage","US","company","primary","A","en","HTML","Product pages","yes","yes","WEAPON;PLATFORM_AIR;DEF_INDUSTRY","HTML (claimed)","Company self-description","NEW","UNVERIFIED"
"SRC-186","RTX website","https://www.rtx.com","rtx.com","homepage","US","company","primary","A","en","HTML","Product pages","yes","yes","WEAPON;SENSOR_C4ISR;DEF_INDUSTRY","HTML (claimed)","Company self-description","NEW","UNVERIFIED"
"SRC-187","BAE Systems website","https://www.baesystems.com","baesystems.com","homepage","GB","company","primary","A","en","HTML","Product pages","yes","yes","WEAPON;PLATFORM_*;DEF_INDUSTRY","HTML (claimed)","Company self-description","NEW","UNVERIFIED"
"SRC-188","Rafael website","https://www.rafael.co.il","rafael.co.il","homepage","Israel","company","primary","A","en","HTML","Product pages","yes","yes","WEAPON;DEF_INDUSTRY","HTML (claimed)","Company self-description","NEW","UNVERIFIED"
"SRC-189","Dassault Aviation website","https://www.dassault-aviation.com","dassault-aviation.com","homepage","France","company","primary","A","en;fr","HTML","Aircraft pages","yes","yes","PLATFORM_AIR;DEF_INDUSTRY","HTML (claimed)","Company self-description","NEW","UNVERIFIED"
"SRC-190","Rostec website","https://rostec.ru/en/","rostec.ru","homepage","Russia","company","primary","A","en;ru","HTML","Product and holding information","yes","yes","DEF_INDUSTRY;WEAPON","HTML (claimed)","Company self-description","NEW","UNVERIFIED"
"SRC-191","Common Crawl","https://commoncrawl.org","commoncrawl.org","dataset","Global","web_archive","primary","B","multi","BULK;ARC","Pre-crawled web pages by URL index","no","yes","Corpus text for registry domains","Bulk WARC and index (claimed)","Respect per-site robots history - from 01_RESOURCES","RETAINED_01_RESOURCES","UNVERIFIED"
"SRC-192","Internet Archive Wayback CDX","https://web.archive.org/cdx/search/cdx","archive.org","api","Global","web_archive","primary","B","multi","API;ARC","Historical snapshots of a URL set","no","yes","Corpus text recovery","CDX API (claimed)","Rate-limit politely - from 01_RESOURCES","RETAINED_01_RESOURCES","UNVERIFIED"
"SRC-193","FineWeb","https://huggingface.co/datasets/HuggingFaceFW/fineweb","huggingface.co","dataset","Global","web_corpus","secondary","B","en","BULK","Filtered web text","no","yes","Defence subset via relevance classifier","HF datasets (claimed)","From 01_RESOURCES","RETAINED_01_RESOURCES","UNVERIFIED"
"SRC-194","FineWeb-Edu","https://huggingface.co/datasets/HuggingFaceFW/fineweb-edu","huggingface.co","dataset","Global","web_corpus","secondary","B","en","BULK","Educational-quality web subset","no","yes","Defence subset via relevance classifier","HF datasets (claimed)","From 01_RESOURCES","RETAINED_01_RESOURCES","UNVERIFIED"
"SRC-195","Sangraha","https://huggingface.co/datasets/ai4bharat/sangraha","huggingface.co","dataset","India","web_corpus","secondary","B","hi;bn;ur;multi","BULK","Indic multilingual text","no","yes","Multilingual extension text","HF datasets (claimed)","01_RESOURCES listed IndicCorp / Sangraha - verify location","RETAINED_01_RESOURCES","UNVERIFIED"
"SRC-196","arXiv API","https://arxiv.org/help/api","arxiv.org","api","Global","academic_repository","primary","B","en","API","Technical papers","no","yes","Abstracts for corpus","API (claimed)","Check full-text licences - from 01_RESOURCES","RETAINED_01_RESOURCES","UNVERIFIED"
"SRC-197","Semantic Scholar API","https://api.semanticscholar.org","semanticscholar.org","api","Global","academic_repository","secondary","B","en","API","Paper metadata and abstracts","no","yes","Abstracts for corpus","API (claimed)","From 01_RESOURCES","RETAINED_01_RESOURCES","UNVERIFIED"
"SRC-198","OpenAlex","https://openalex.org","openalex.org","api","Global","academic_repository","secondary","B","multi","API","Open scholarly metadata","no","yes","Defence-studies paper discovery","API (claimed)","CC0 per vendor - verify","NEW","UNVERIFIED"
"SRC-199","CORE","https://core.ac.uk","core.ac.uk","api","Global","academic_repository","secondary","B","multi","API;REG","Open access full texts","no","yes","Open-licensed papers","API with registration (claimed)","","NEW","UNVERIFIED"
"SRC-200","ACL Anthology","https://aclanthology.org","aclanthology.org","dataset","Global","academic_repository","primary","A","en","BULK","NLP methods literature","no","no","Literature only","Bulk and BibTeX (claimed)","CC BY per 01_RESOURCES","RETAINED_01_RESOURCES","UNVERIFIED"
"SRC-201","re3d","https://github.com/dstl/re3d","github.com","repository","GB","ner_dataset","primary","A","en","BULK","Gold defence entity and relation set","yes","no","External evaluation and schema reference","Repository download (claimed)","Mixed licences per subset - from 01_RESOURCES","RETAINED_01_RESOURCES","UNVERIFIED"
"SRC-202","Few-NERD","https://ningding97.github.io/fewnerd/","github.io","dataset","Global","ner_dataset","secondary","B","en","BULK","Fine-grained entity types","yes","no","Fine-type reference","Download (claimed)","CC BY-SA per 01_RESOURCES","RETAINED_01_RESOURCES","UNVERIFIED"
"SRC-203","MultiNERD","https://huggingface.co/datasets/Babelscape/multinerd","huggingface.co","dataset","Global","ner_dataset","secondary","B","multi","BULK","Multilingual NER with vehicle and weapon-like types","yes","no","Schema reference","HF datasets (claimed)","Licence to verify","RETAINED_01_RESOURCES","UNVERIFIED"
"SRC-204","DynamicNER","https://arxiv.org/abs/2409.11022","arxiv.org","dataset","Global","ner_dataset","secondary","B","multi","BULK","Dynamic entity type dataset","yes","no","Weapon and vehicle subtypes","Paper link (claimed)","01_RESOURCES cited arXiv 2409.11022 - data location to find","RETAINED_01_RESOURCES","UNVERIFIED"
"SRC-205","LDC Catalog (ACE 2005 and OntoNotes)","https://catalog.ldc.upenn.edu","upenn.edu","dataset","Global","ner_dataset","primary","A","en","PAY","Schema references","yes","no","Schema reference only","PAY (claimed)","LDC licence - schema reference even without data","RETAINED_01_RESOURCES","UNVERIFIED"
"SRC-206","CC-News","https://commoncrawl.org/blog/news-dataset-available","commoncrawl.org","dataset","Global","web_archive","primary","B","multi","BULK","News WARC stream","no","yes","News text filtered by domain and relevance","Bulk WARC (claimed)","From 01_RESOURCES - blog URL may have moved","RETAINED_01_RESOURCES","UNVERIFIED"
"SRC-207","IndicCorp (AI4Bharat)","https://ai4bharat.iitm.ac.in","ac.in","homepage","India","web_corpus","secondary","B","hi;bn;ur;multi","BULK","Indic language corpora","no","yes","Hindi Bengali Urdu text","Downloads (claimed)","From 01_RESOURCES - exact corpus location to find","RETAINED_01_RESOURCES","UNVERIFIED"
